Indicator,max,min,range
NetIncRPo,3007946.301000001,0.0,3007946.301000001
Acc,2262.7430416209454,142.01499439292914,2120.7280472280163
PublicService,2219.436100000003,111.06120000000006,2108.374900000003
