Indicator,max,min,range
NetIncRPo,18535408.567305055,0.0,18535408.567305055
Acc,8830.731254383289,75.8654732653002,8754.86578111799
PublicService,12838.033899999988,364.5794999999998,12473.454399999988
